ID_Venta,ID_Cliente,ID_Vehiculo,ID_Sucursal,ID_Tiempo,Fecha_de_alquiler,Monto_de_alquiler,Duracion_de_alquiler
1,1,1,1,1,2021-04-22,5903.15,11
2,2,2,2,2,2021-11-07,1908.52,23
3,3,3,3,3,2024-06-26,7074.01,14
4,4,4,4,4,2024-04-14,4006.53,16
5,5,5,5,5,2024-06-07,5130.12,21
6,6,6,6,6,2021-08-11,2153.72,20
7,7,7,7,7,2021-10-02,7518.68,10
8,8,8,8,8,2022-02-23,2856.56,28
9,9,9,9,9,2022-01-10,6277.95,17
10,10,10,10,10,2024-03-14,9744.71,5
11,11,11,11,11,2021-05-29,6838.08,9
12,12,12,12,12,2022-02-26,4955.93,2
13,13,13,13,13,2021-06-30,6939.85,5
14,14,14,14,14,2022-12-23,9625.75,30
15,15,15,15,15,2022-01-06,6313.99,7
16,16,16,16,16,2022-01-01,6104.78,16
17,17,17,17,17,2022-06-10,9723.04,20
18,18,18,18,18,2021-05-11,1753.1,1
19,19,19,19,19,2023-06-01,2880.63,9
20,20,20,20,20,2024-07-11,4786.57,15
21,21,21,21,21,2022-02-22,869.53,26
22,22,22,22,22,2021-07-18,2627.88,11
23,23,23,23,23,2022-06-01,8090.17,4
24,24,24,24,24,2024-08-10,2204.21,20
25,25,25,25,25,2021-04-25,4678.32,1
26,26,26,26,26,2023-03-07,8226.57,27
27,27,27,27,27,2022-01-15,8093.09,5
28,28,28,28,28,2023-10-11,6699.39,27
29,29,29,29,29,2022-10-14,6913.09,16
30,30,30,30,30,2024-09-12,741.98,29
31,31,31,31,31,2021-10-17,6875.48,23
32,32,32,32,32,2021-03-16,329.48,19
33,33,33,33,33,2024-04-10,8736.65,27
34,34,34,34,34,2021-02-14,1225.33,17
35,35,35,35,35,2021-06-16,5772.85,22
36,36,36,36,36,2023-04-20,4888.36,16
37,37,37,37,37,2022-06-29,4607.2,17
38,38,38,38,38,2020-12-29,3183.56,7
39,39,39,39,39,2023-07-04,7568.59,1
40,40,40,40,40,2024-08-03,2666.12,16
41,41,41,41,41,2022-09-22,7899.65,24
42,42,42,42,42,2021-12-31,8360.14,13
43,43,43,43,43,2023-12-03,1259.32,14
44,44,44,44,44,2023-10-11,7809.16,4
45,45,45,45,45,2024-03-14,4880.95,25
46,46,46,46,46,2021-04-06,767.55,23
47,47,47,47,47,2022-02-21,1813.62,21
48,48,48,48,48,2021-08-17,9994.16,14
49,49,49,49,49,2023-07-08,272.93,16
50,50,50,50,50,2022-01-09,5087.37,9
51,51,51,51,51,2021-08-19,1414.47,5
52,52,52,52,52,2022-03-30,2716.08,8
53,53,53,53,53,2023-12-12,826.0,17
54,54,54,54,54,2023-07-06,489.58,4
55,55,55,55,55,2021-06-07,6326.72,29
56,56,56,56,56,2024-02-02,2180.65,2
57,57,57,57,57,2021-07-31,5883.81,29
58,58,58,58,58,2023-01-26,3904.7,29
59,59,59,59,59,2024-06-27,5112.63,10
60,60,60,60,60,2024-04-10,6209.86,19
61,61,61,61,61,2022-07-14,2454.08,26
62,62,62,62,62,2020-10-23,1005.69,21
63,63,63,63,63,2022-06-13,7475.19,26
64,64,64,64,64,2021-02-12,7200.64,14
65,65,65,65,65,2020-12-06,5072.44,25
66,66,66,66,66,2022-04-23,4877.22,14
67,67,67,67,67,2022-02-11,111.99,4
68,68,68,68,68,2024-03-09,1380.79,17
69,69,69,69,69,2022-03-30,8003.21,3
70,70,70,70,70,2021-04-03,3792.17,9
71,71,71,71,71,2022-05-02,7625.72,9
72,72,72,72,72,2024-02-29,1139.28,10
73,73,73,73,73,2023-10-23,5059.57,16
74,74,74,74,74,2022-09-09,5825.8,27
75,75,75,75,75,2023-02-23,8133.3,11
76,76,76,76,76,2021-11-29,7927.21,26
77,77,77,77,77,2024-07-03,5734.94,13
78,78,78,78,78,2022-03-29,3011.29,19
79,79,79,79,79,2023-08-22,5490.66,16
80,80,80,80,80,2020-10-10,3629.68,8
81,81,81,81,81,2024-04-04,6691.82,13
82,82,82,82,82,2022-06-02,8094.75,15
83,83,83,83,83,2023-02-13,5752.81,30
84,84,84,84,84,2023-05-27,8067.29,20
85,85,85,85,85,2023-03-16,8128.49,29
86,86,86,86,86,2023-03-31,5337.15,5
87,87,87,87,87,2024-09-23,7060.41,21
88,88,88,88,88,2021-08-25,7497.78,2
89,89,89,89,89,2021-06-27,845.99,15
90,90,90,90,90,2024-05-06,7562.69,5
91,91,91,91,91,2023-03-20,6596.19,12
92,92,92,92,92,2022-07-22,3772.79,9
93,93,93,93,93,2024-06-14,7635.04,22
94,94,94,94,94,2021-02-05,8053.3,30
95,95,95,95,95,2024-05-14,9236.01,3
96,96,96,96,96,2022-12-05,4256.46,6
97,97,97,97,97,2021-04-18,4651.77,1
98,98,98,98,98,2023-06-23,7968.6,19
99,99,99,99,99,2024-09-11,7361.47,1
100,100,100,100,100,2022-03-10,2716.43,4
101,101,101,101,101,2023-07-29,2167.37,13
102,102,102,102,102,2020-12-22,6122.21,14
103,103,103,103,103,2024-03-28,189.96,25
104,104,104,104,104,2021-04-09,1962.18,15
105,105,105,105,105,2021-06-16,5083.98,27
106,106,106,106,106,2024-04-25,5234.61,7
107,107,107,107,107,2022-04-19,7850.22,3
108,108,108,108,108,2022-04-07,164.39,16
109,109,109,109,109,2022-10-29,8261.04,24
110,110,110,110,110,2023-08-30,6149.24,28
111,111,111,111,111,2024-03-23,7670.98,18
112,112,112,112,112,2023-06-30,2507.3,23
113,113,113,113,113,2022-10-14,6800.11,28
114,114,114,114,114,2021-11-05,1698.1,9
115,115,115,115,115,2023-07-05,6576.96,17
116,116,116,116,116,2022-04-06,2790.79,4
117,117,117,117,117,2023-04-13,6848.71,18
118,118,118,118,118,2024-03-04,6108.13,16
119,119,119,119,119,2022-10-10,2476.5,24
120,120,120,120,120,2022-10-25,5633.5,2
121,121,121,121,121,2023-05-07,979.83,25
122,122,122,122,122,2020-12-01,544.85,8
123,123,123,123,123,2021-05-14,5393.73,27
124,124,124,124,124,2024-03-01,1503.52,7
125,125,125,125,125,2024-08-16,5970.37,7
126,126,126,126,126,2021-04-23,3390.87,1
127,127,127,127,127,2023-02-18,5618.05,18
128,128,128,128,128,2022-11-15,4280.82,22
129,129,129,129,129,2020-12-09,8944.05,13
130,130,130,130,130,2021-03-01,2546.59,10
131,131,131,131,131,2022-10-17,5394.49,17
132,132,132,132,132,2022-12-11,5819.49,11
133,133,133,133,133,2021-06-13,5247.36,23
134,134,134,134,134,2022-08-29,1220.84,12
135,135,135,135,135,2021-11-23,6369.04,13
136,136,136,136,136,2023-11-28,6165.24,2
137,137,137,137,137,2023-12-23,8926.36,23
138,138,138,138,138,2024-01-14,5647.86,21
139,139,139,139,139,2024-04-06,9037.45,5
140,140,140,140,140,2023-01-26,8714.01,22
141,141,141,141,141,2024-07-18,9965.49,18
142,142,142,142,142,2021-11-09,9368.28,4
143,143,143,143,143,2024-03-27,1245.82,28
144,144,144,144,144,2021-04-30,3970.21,14
145,145,145,145,145,2024-02-02,7741.15,4
146,146,146,146,146,2023-07-26,2391.84,30
147,147,147,147,147,2022-04-28,8729.88,10
148,148,148,148,148,2021-10-03,2238.71,23
149,149,149,149,149,2023-09-08,957.32,16
150,150,150,150,150,2024-06-22,3707.56,22
151,151,151,151,151,2022-05-25,1327.81,23
152,152,152,152,152,2022-01-16,6194.07,6
153,153,153,153,153,2022-09-05,9958.6,14
154,154,154,154,154,2023-04-29,4883.7,15
155,155,155,155,155,2022-05-05,6461.83,25
156,156,156,156,156,2021-04-30,452.13,28
157,157,157,157,157,2021-01-25,6790.68,18
158,158,158,158,158,2021-08-02,1355.68,18
159,159,159,159,159,2022-11-29,5044.31,25
160,160,160,160,160,2022-05-06,6455.89,10
161,161,161,161,161,2022-01-27,6176.98,16
162,162,162,162,162,2020-12-04,6251.88,24
163,163,163,163,163,2024-02-26,2856.45,2
164,164,164,164,164,2023-05-18,9917.9,2
165,165,165,165,165,2024-03-28,950.83,2
166,166,166,166,166,2021-05-16,8560.08,9
167,167,167,167,167,2023-10-08,7367.92,29
168,168,168,168,168,2023-07-21,6027.33,2
169,169,169,169,169,2023-02-22,2951.31,11
170,170,170,170,170,2020-12-27,9353.18,27
171,171,171,171,171,2021-12-23,6457.54,23
172,172,172,172,172,2020-11-04,8935.08,14
173,173,173,173,173,2023-09-27,9398.5,9
174,174,174,174,174,2023-01-25,4328.85,3
175,175,175,175,175,2024-06-06,1471.93,9
176,176,176,176,176,2021-07-19,878.37,22
177,177,177,177,177,2023-02-17,1537.79,11
178,178,178,178,178,2024-08-13,1501.0,9
179,179,179,179,179,2023-07-19,3791.22,6
180,180,180,180,180,2020-10-24,8378.81,6
181,181,181,181,181,2020-12-19,9151.66,17
182,182,182,182,182,2023-04-10,4647.48,24
183,183,183,183,183,2021-01-09,6559.16,29
184,184,184,184,184,2023-10-04,5583.57,14
185,185,185,185,185,2023-05-14,8435.14,27
186,186,186,186,186,2021-01-08,3927.84,28
187,187,187,187,187,2024-01-04,2235.74,18
188,188,188,188,188,2020-11-15,1880.5,16
189,189,189,189,189,2022-05-07,9912.88,25
190,190,190,190,190,2021-08-30,6164.54,12
191,191,191,191,191,2020-11-02,4525.11,21
192,192,192,192,192,2024-06-14,1392.26,25
193,193,193,193,193,2021-04-30,5091.28,19
194,194,194,194,194,2022-06-01,9471.89,13
195,195,195,195,195,2024-02-21,4135.04,3
196,196,196,196,196,2022-03-14,6396.19,1
197,197,197,197,197,2024-07-23,976.74,11
198,198,198,198,198,2023-01-28,1031.84,12
199,199,199,199,199,2023-03-22,1077.2,20
200,200,200,200,200,2022-09-23,430.79,26
201,201,201,201,201,2021-10-28,6668.46,2
202,202,202,202,202,2022-05-03,1294.49,26
203,203,203,203,203,2021-11-06,5318.03,20
204,204,204,204,204,2021-01-25,3719.68,13
205,205,205,205,205,2022-05-27,2854.22,25
206,206,206,206,206,2022-03-09,1863.35,22
207,207,207,207,207,2023-02-05,6958.17,5
208,208,208,208,208,2021-04-10,3819.04,3
209,209,209,209,209,2021-01-04,661.51,29
210,210,210,210,210,2023-09-16,3320.91,21
211,211,211,211,211,2021-07-17,3006.93,6
212,212,212,212,212,2021-10-27,789.09,9
213,213,213,213,213,2021-09-01,2779.52,8
214,214,214,214,214,2021-01-29,5958.05,5
215,215,215,215,215,2021-01-22,5448.28,22
216,216,216,216,216,2023-09-27,7100.32,28
217,217,217,217,217,2021-06-19,6892.6,28
218,218,218,218,218,2024-10-01,1884.13,28
219,219,219,219,219,2021-01-02,4420.42,28
220,220,220,220,220,2024-06-16,6495.71,11
221,221,221,221,221,2022-09-19,4546.62,11
222,222,222,222,222,2024-09-21,4416.72,25
223,223,223,223,223,2022-12-04,9650.72,14
224,224,224,224,224,2022-10-17,9612.09,20
225,225,225,225,225,2022-03-01,446.67,17
226,226,226,226,226,2023-11-19,2535.39,1
227,227,227,227,227,2023-11-10,7735.36,30
228,228,228,228,228,2023-09-23,3353.18,24
229,229,229,229,229,2020-12-22,323.18,5
230,230,230,230,230,2023-09-20,3758.37,25
231,231,231,231,231,2022-04-29,1747.87,13
232,232,232,232,232,2021-12-08,5499.0,19
233,233,233,233,233,2022-09-27,5294.64,12
234,234,234,234,234,2024-04-11,9805.52,8
235,235,235,235,235,2021-06-02,3342.88,21
236,236,236,236,236,2022-05-02,6494.79,19
237,237,237,237,237,2024-06-21,6182.21,25
238,238,238,238,238,2021-03-19,4269.73,11
239,239,239,239,239,2022-05-21,6661.6,19
240,240,240,240,240,2023-02-12,7761.26,3
241,241,241,241,241,2021-08-15,3015.32,8
242,242,242,242,242,2023-08-25,7729.33,26
243,243,243,243,243,2023-03-20,9525.48,8
244,244,244,244,244,2024-09-18,3519.78,1
245,245,245,245,245,2021-11-10,6617.59,25
246,246,246,246,246,2021-02-06,4278.1,28
247,247,247,247,247,2023-05-03,8473.48,23
248,248,248,248,248,2024-02-09,6189.6,10
249,249,249,249,249,2022-05-24,3763.43,15
250,250,250,250,250,2022-02-10,1101.48,17
251,251,251,251,251,2022-08-29,8530.53,13
252,252,252,252,252,2021-09-30,3837.33,22
253,253,253,253,253,2024-09-24,6278.64,2
254,254,254,254,254,2024-05-06,537.7,30
255,255,255,255,255,2023-10-19,4981.98,28
256,256,256,256,256,2022-08-22,3272.36,23
257,257,257,257,257,2022-07-30,241.01,10
258,258,258,258,258,2023-08-24,2352.31,30
259,259,259,259,259,2021-12-19,2129.95,17
260,260,260,260,260,2022-03-06,7260.98,7
261,261,261,261,261,2021-05-08,5764.21,26
262,262,262,262,262,2024-08-19,6753.26,14
263,263,263,263,263,2024-03-20,7323.7,11
264,264,264,264,264,2021-02-06,3694.12,3
265,265,265,265,265,2022-05-25,3440.83,25
266,266,266,266,266,2022-01-14,1785.93,28
267,267,267,267,267,2022-08-05,2072.98,15
268,268,268,268,268,2021-01-04,7954.71,23
269,269,269,269,269,2023-09-03,4622.04,17
270,270,270,270,270,2020-10-30,5002.53,5
271,271,271,271,271,2023-12-05,3867.13,30
272,272,272,272,272,2023-01-15,9996.57,26
273,273,273,273,273,2023-06-22,2326.98,21
274,274,274,274,274,2023-06-10,2520.28,1
275,275,275,275,275,2021-08-26,8460.13,19
276,276,276,276,276,2023-04-05,718.86,30
277,277,277,277,277,2021-03-19,3972.24,19
278,278,278,278,278,2022-07-07,3231.71,18
279,279,279,279,279,2022-05-26,1630.8,29
280,280,280,280,280,2020-11-28,9933.88,22
281,281,281,281,281,2022-01-28,824.69,15
282,282,282,282,282,2022-09-09,8708.11,14
283,283,283,283,283,2022-09-18,757.36,2
284,284,284,284,284,2021-09-24,4792.06,28
285,285,285,285,285,2024-03-13,3025.48,14
286,286,286,286,286,2021-05-27,7485.75,14
287,287,287,287,287,2021-04-06,6920.88,24
288,288,288,288,288,2021-01-12,2939.05,12
289,289,289,289,289,2024-06-05,5291.03,11
290,290,290,290,290,2021-03-05,9960.61,8
291,291,291,291,291,2023-08-21,4833.71,1
292,292,292,292,292,2022-08-14,3585.65,15
293,293,293,293,293,2024-03-06,8545.16,12
294,294,294,294,294,2023-10-28,9844.61,5
295,295,295,295,295,2024-03-10,2678.41,16
296,296,296,296,296,2021-12-30,9989.61,18
297,297,297,297,297,2021-09-26,4194.81,23
298,298,298,298,298,2024-08-20,1609.21,23
299,299,299,299,299,2022-02-28,2002.09,13
300,300,300,300,300,2020-10-26,4776.13,12
301,301,301,301,301,2022-01-27,5841.13,23
302,302,302,302,302,2022-08-06,9289.12,19
303,303,303,303,303,2022-08-09,5137.38,27
304,304,304,304,304,2024-08-08,1074.36,6
305,305,305,305,305,2023-11-11,1946.21,18
306,306,306,306,306,2023-12-12,5352.64,28
307,307,307,307,307,2024-03-14,857.05,20
308,308,308,308,308,2023-10-30,112.08,6
309,309,309,309,309,2021-07-24,6267.33,3
310,310,310,310,310,2021-12-29,3383.64,11
311,311,311,311,311,2023-04-22,6556.31,17
312,312,312,312,312,2022-12-13,1568.79,25
313,313,313,313,313,2021-03-02,9730.16,3
314,314,314,314,314,2022-05-04,7602.19,27
315,315,315,315,315,2021-02-06,7272.98,2
316,316,316,316,316,2024-05-07,3813.58,18
317,317,317,317,317,2023-07-11,1436.59,17
318,318,318,318,318,2021-02-13,921.6,25
319,319,319,319,319,2022-06-27,8535.53,21
320,320,320,320,320,2023-06-16,2521.1,20
321,321,321,321,321,2022-06-26,4958.15,27
322,322,322,322,322,2024-05-05,8778.59,22
323,323,323,323,323,2022-11-01,8829.89,13
324,324,324,324,324,2022-06-30,5157.54,7
325,325,325,325,325,2023-10-22,258.44,7
326,326,326,326,326,2020-11-24,6063.75,25
327,327,327,327,327,2022-02-02,9039.35,25
328,328,328,328,328,2023-06-29,3092.91,17
329,329,329,329,329,2021-02-22,2475.78,13
330,330,330,330,330,2022-12-02,1178.85,13
331,331,331,331,331,2023-07-06,8662.57,28
332,332,332,332,332,2020-12-19,4158.58,8
333,333,333,333,333,2021-01-27,9934.9,21
334,334,334,334,334,2022-10-04,4448.74,22
335,335,335,335,335,2022-08-11,7956.16,25
336,336,336,336,336,2024-08-16,468.03,28
337,337,337,337,337,2022-02-13,4447.2,22
338,338,338,338,338,2024-08-20,6268.74,2
339,339,339,339,339,2021-04-27,7114.08,7
340,340,340,340,340,2022-07-27,7247.42,2
341,341,341,341,341,2021-02-17,7214.92,3
342,342,342,342,342,2024-05-08,739.25,27
343,343,343,343,343,2020-11-10,2907.82,2
344,344,344,344,344,2022-05-26,3517.36,15
345,345,345,345,345,2023-07-13,4459.65,5
346,346,346,346,346,2024-08-13,8489.89,15
347,347,347,347,347,2021-03-16,8904.78,29
348,348,348,348,348,2024-05-12,124.99,24
349,349,349,349,349,2022-09-23,1741.92,26
350,350,350,350,350,2023-08-23,1878.94,20
351,351,351,351,351,2022-12-19,6155.88,27
352,352,352,352,352,2021-01-17,6215.89,4
353,353,353,353,353,2024-10-03,7410.68,7
354,354,354,354,354,2022-09-01,5394.25,19
355,355,355,355,355,2023-03-15,1074.95,3
356,356,356,356,356,2023-01-26,3413.24,20
357,357,357,357,357,2022-09-26,3633.45,10
358,358,358,358,358,2021-06-28,7008.77,20
359,359,359,359,359,2023-04-30,8605.34,9
360,360,360,360,360,2021-01-22,2548.36,8
361,361,361,361,361,2022-02-24,5451.05,7
362,362,362,362,362,2022-10-29,3800.63,14
363,363,363,363,363,2020-10-20,2990.95,10
364,364,364,364,364,2022-10-29,3545.49,8
365,365,365,365,365,2022-08-03,3152.23,26
366,366,366,366,366,2021-08-16,8203.92,18
367,367,367,367,367,2022-01-22,2386.21,22
368,368,368,368,368,2022-08-18,677.19,1
369,369,369,369,369,2022-12-13,3056.25,20
370,370,370,370,370,2021-04-22,9359.81,23
371,371,371,371,371,2020-11-18,2899.16,30
372,372,372,372,372,2022-11-27,4791.91,13
373,373,373,373,373,2022-11-20,766.51,12
374,374,374,374,374,2022-10-02,7105.22,7
375,375,375,375,375,2023-06-14,9152.81,28
376,376,376,376,376,2021-12-17,7336.58,11
377,377,377,377,377,2021-03-11,7179.11,6
378,378,378,378,378,2023-03-29,5511.86,19
379,379,379,379,379,2021-11-21,9027.81,26
380,380,380,380,380,2021-07-27,5325.29,2
381,381,381,381,381,2023-11-05,8497.21,25
382,382,382,382,382,2022-05-23,5839.54,22
383,383,383,383,383,2021-04-06,3324.16,12
384,384,384,384,384,2024-06-13,2422.63,26
385,385,385,385,385,2021-09-13,3811.94,25
386,386,386,386,386,2021-12-03,988.46,14
387,387,387,387,387,2022-11-12,9023.61,30
388,388,388,388,388,2021-05-20,3137.16,4
389,389,389,389,389,2023-08-25,5314.53,16
390,390,390,390,390,2023-01-29,9760.73,19
391,391,391,391,391,2022-03-19,9144.97,4
392,392,392,392,392,2022-07-01,1766.59,28
393,393,393,393,393,2022-10-08,1734.02,7
394,394,394,394,394,2021-04-06,3303.12,12
395,395,395,395,395,2023-01-12,5239.69,22
396,396,396,396,396,2024-06-09,4537.86,15
397,397,397,397,397,2023-02-22,6968.7,25
398,398,398,398,398,2022-01-13,3884.02,26
399,399,399,399,399,2022-04-19,9479.15,30
400,400,400,400,400,2024-03-30,2000.37,6
401,401,401,401,401,2021-06-23,2921.65,14
402,402,402,402,402,2023-03-22,2057.08,10
403,403,403,403,403,2023-02-18,241.92,4
404,404,404,404,404,2024-01-08,5952.24,17
405,405,405,405,405,2023-12-27,7362.38,28
406,406,406,406,406,2024-05-25,7929.11,29
407,407,407,407,407,2023-09-02,9326.9,1
408,408,408,408,408,2022-06-10,9212.55,1
409,409,409,409,409,2021-06-15,5675.45,28
410,410,410,410,410,2022-02-07,5743.38,29
411,411,411,411,411,2022-02-03,6418.74,12
412,412,412,412,412,2021-03-11,3765.7,1
413,413,413,413,413,2021-07-01,8086.48,25
414,414,414,414,414,2024-08-08,3044.27,25
415,415,415,415,415,2022-09-04,108.85,22
416,416,416,416,416,2021-11-07,3619.05,20
417,417,417,417,417,2024-04-14,2360.05,9
418,418,418,418,418,2023-02-28,9483.6,26
419,419,419,419,419,2023-11-22,9429.13,29
420,420,420,420,420,2021-11-18,8237.16,29
421,421,421,421,421,2023-01-23,4205.5,24
422,422,422,422,422,2021-03-15,1103.12,4
423,423,423,423,423,2021-07-17,2242.91,9
424,424,424,424,424,2022-05-13,2177.32,20
425,425,425,425,425,2020-10-29,1711.04,1
426,426,426,426,426,2024-02-13,8692.4,27
427,427,427,427,427,2020-12-30,8707.81,25
428,428,428,428,428,2020-11-13,7283.21,23
429,429,429,429,429,2023-02-12,7261.76,26
430,430,430,430,430,2021-10-03,4190.94,23
431,431,431,431,431,2021-11-18,7861.7,1
432,432,432,432,432,2021-10-21,4174.35,18
433,433,433,433,433,2022-08-24,4344.88,10
434,434,434,434,434,2024-07-10,3302.21,25
435,435,435,435,435,2024-05-10,2159.52,27
436,436,436,436,436,2021-11-20,8407.24,28
437,437,437,437,437,2021-09-09,4230.16,27
438,438,438,438,438,2021-01-26,9954.9,23
439,439,439,439,439,2024-04-12,8723.2,5
440,440,440,440,440,2020-12-17,9979.54,29
441,441,441,441,441,2022-01-02,4942.37,16
442,442,442,442,442,2022-03-01,9525.59,22
443,443,443,443,443,2023-09-20,8486.34,13
444,444,444,444,444,2022-08-30,1866.76,3
445,445,445,445,445,2023-09-16,2207.99,28
446,446,446,446,446,2021-03-14,6108.36,10
447,447,447,447,447,2022-08-30,3958.14,28
448,448,448,448,448,2021-07-22,7552.69,20
449,449,449,449,449,2023-12-07,4696.24,3
450,450,450,450,450,2023-05-11,535.88,30
451,451,451,451,451,2023-04-20,342.6,13
452,452,452,452,452,2024-01-19,5615.3,10
453,453,453,453,453,2022-10-13,4674.63,30
454,454,454,454,454,2020-12-02,290.85,24
455,455,455,455,455,2020-10-23,1359.57,3
456,456,456,456,456,2024-03-10,7241.81,28
457,457,457,457,457,2022-04-21,8721.69,20
458,458,458,458,458,2023-07-24,369.37,26
459,459,459,459,459,2024-02-29,8843.37,19
460,460,460,460,460,2024-05-20,2840.75,4
461,461,461,461,461,2021-06-10,1093.84,4
462,462,462,462,462,2021-06-04,3241.97,7
463,463,463,463,463,2023-07-22,6944.3,22
464,464,464,464,464,2022-05-16,5637.54,15
465,465,465,465,465,2021-05-12,6282.66,18
466,466,466,466,466,2021-10-19,8555.25,15
467,467,467,467,467,2023-08-14,5890.61,30
468,468,468,468,468,2021-06-07,4088.44,15
469,469,469,469,469,2023-04-02,5146.27,11
470,470,470,470,470,2023-09-06,7017.12,16
471,471,471,471,471,2021-04-05,7987.06,20
472,472,472,472,472,2022-12-13,6885.58,29
473,473,473,473,473,2021-06-02,6913.91,28
474,474,474,474,474,2021-02-22,7876.01,23
475,475,475,475,475,2021-11-24,5374.37,20
476,476,476,476,476,2023-05-27,4345.84,27
477,477,477,477,477,2021-12-24,2999.65,10
478,478,478,478,478,2023-06-15,8194.66,10
479,479,479,479,479,2022-04-14,3960.15,24
480,480,480,480,480,2024-05-20,2894.03,4
481,481,481,481,481,2021-12-30,6008.11,22
482,482,482,482,482,2023-10-13,683.14,2
483,483,483,483,483,2024-05-11,2364.45,7
484,484,484,484,484,2022-03-10,6909.83,15
485,485,485,485,485,2024-06-24,813.8,23
486,486,486,486,486,2021-11-11,3387.25,11
487,487,487,487,487,2021-04-28,3448.11,9
488,488,488,488,488,2023-10-04,6264.27,3
489,489,489,489,489,2022-11-08,9123.87,24
490,490,490,490,490,2022-11-14,2621.84,24
491,491,491,491,491,2021-08-02,8887.97,2
492,492,492,492,492,2022-10-02,3342.28,9
493,493,493,493,493,2022-02-01,2462.02,15
494,494,494,494,494,2021-06-30,7807.74,14
495,495,495,495,495,2022-09-01,8635.04,26
496,496,496,496,496,2024-08-15,1232.39,30
497,497,497,497,497,2023-09-09,7798.84,3
498,498,498,498,498,2021-09-02,5954.28,1
499,499,499,499,499,2023-04-09,4904.14,23
500,500,500,500,500,2022-07-03,7113.96,18
501,501,501,501,501,2021-09-16,9759.83,10
502,502,502,502,502,2024-01-09,9541.25,5
503,503,503,503,503,2023-04-17,7648.46,16
504,504,504,504,504,2021-04-16,6583.82,19
505,505,505,505,505,2023-08-17,6633.29,23
506,506,506,506,506,2022-02-16,5541.02,18
507,507,507,507,507,2022-10-12,4214.89,2
508,508,508,508,508,2022-01-14,1772.7,23
509,509,509,509,509,2023-04-13,7585.95,20
510,510,510,510,510,2023-02-05,9277.51,12
511,511,511,511,511,2021-05-25,4468.03,20
512,512,512,512,512,2023-01-05,6855.29,14
513,513,513,513,513,2023-12-21,3683.46,1
514,514,514,514,514,2023-09-23,4137.53,20
515,515,515,515,515,2022-03-02,5748.19,22
516,516,516,516,516,2022-03-23,8868.22,7
517,517,517,517,517,2023-04-20,1434.49,23
518,518,518,518,518,2024-03-26,9646.9,28
519,519,519,519,519,2021-03-14,3477.61,16
520,520,520,520,520,2021-10-16,1518.26,23
521,521,521,521,521,2024-03-09,739.37,9
522,522,522,522,522,2021-08-08,6563.08,26
523,523,523,523,523,2024-03-18,9616.94,23
524,524,524,524,524,2021-10-30,9287.84,29
525,525,525,525,525,2023-02-25,3344.3,9
526,526,526,526,526,2023-06-30,8911.9,25
527,527,527,527,527,2022-08-31,6163.03,12
528,528,528,528,528,2022-12-22,4909.66,6
529,529,529,529,529,2024-03-22,4897.38,15
530,530,530,530,530,2022-03-18,4073.25,8
531,531,531,531,531,2023-12-04,1966.81,10
532,532,532,532,532,2021-12-14,5338.38,15
533,533,533,533,533,2022-01-23,552.95,8
534,534,534,534,534,2022-03-06,9878.66,28
535,535,535,535,535,2021-12-16,2361.58,27
536,536,536,536,536,2021-07-31,4810.46,19
537,537,537,537,537,2023-02-19,7283.12,26
538,538,538,538,538,2022-10-16,750.85,24
539,539,539,539,539,2022-02-10,427.97,13
540,540,540,540,540,2022-11-12,5926.13,26
541,541,541,541,541,2022-04-22,8685.54,11
542,542,542,542,542,2023-11-08,189.35,1
543,543,543,543,543,2023-02-27,6180.14,13
544,544,544,544,544,2021-05-16,2975.46,29
545,545,545,545,545,2022-02-14,9137.38,14
546,546,546,546,546,2021-12-05,3602.9,17
547,547,547,547,547,2021-05-19,4846.15,16
548,548,548,548,548,2022-11-18,5166.97,27
549,549,549,549,549,2021-08-26,5639.62,1
550,550,550,550,550,2023-07-28,317.05,6
551,551,551,551,551,2024-06-16,5720.71,17
552,552,552,552,552,2022-03-28,2762.19,11
553,553,553,553,553,2023-01-01,950.79,20
554,554,554,554,554,2023-12-01,1499.86,3
555,555,555,555,555,2023-08-19,9622.0,15
556,556,556,556,556,2023-11-05,7686.42,23
557,557,557,557,557,2023-03-19,5523.68,2
558,558,558,558,558,2022-04-25,6527.99,17
559,559,559,559,559,2023-09-09,2433.03,12
560,560,560,560,560,2023-04-12,5188.6,12
561,561,561,561,561,2024-07-06,323.51,26
562,562,562,562,562,2024-10-05,2025.12,30
563,563,563,563,563,2023-08-26,4645.45,23
564,564,564,564,564,2023-03-07,7751.49,11
565,565,565,565,565,2023-12-28,7129.88,12
566,566,566,566,566,2020-12-05,7337.99,15
567,567,567,567,567,2023-10-27,3036.59,13
568,568,568,568,568,2020-10-17,379.13,10
569,569,569,569,569,2023-01-17,9345.2,14
570,570,570,570,570,2021-05-08,3510.41,30
571,571,571,571,571,2024-08-28,3783.52,26
572,572,572,572,572,2023-11-27,6689.66,9
573,573,573,573,573,2021-11-30,1554.72,11
574,574,574,574,574,2023-07-31,7406.52,12
575,575,575,575,575,2021-07-12,7017.19,27
576,576,576,576,576,2022-05-31,5777.03,18
577,577,577,577,577,2022-11-01,5650.29,18
578,578,578,578,578,2022-11-18,8379.96,28
579,579,579,579,579,2022-10-24,3249.6,13
580,580,580,580,580,2023-06-16,6770.0,16
581,581,581,581,581,2022-11-06,4961.8,2
582,582,582,582,582,2022-08-14,2179.29,3
583,583,583,583,583,2023-11-05,5265.09,17
584,584,584,584,584,2021-02-14,4126.02,30
585,585,585,585,585,2024-07-16,8190.17,29
586,586,586,586,586,2024-01-09,5954.1,14
587,587,587,587,587,2024-01-17,8651.85,6
588,588,588,588,588,2021-11-17,2262.45,17
589,589,589,589,589,2022-03-07,2144.44,29
590,590,590,590,590,2022-08-13,2246.42,4
591,591,591,591,591,2024-06-16,3782.99,17
592,592,592,592,592,2023-08-05,3067.52,1
593,593,593,593,593,2024-03-21,3754.56,6
594,594,594,594,594,2023-06-19,2742.31,21
595,595,595,595,595,2021-03-07,4034.37,11
596,596,596,596,596,2023-09-08,5669.34,1
597,597,597,597,597,2024-08-23,8279.51,23
598,598,598,598,598,2021-01-02,8887.75,11
599,599,599,599,599,2021-04-25,3966.76,16
600,600,600,600,600,2023-05-21,1265.95,14
601,601,601,601,601,2020-10-28,2918.57,28
602,602,602,602,602,2024-09-16,8499.04,28
603,603,603,603,603,2023-06-20,5782.69,23
604,604,604,604,604,2024-04-02,6726.7,7
605,605,605,605,605,2021-06-05,1598.79,29
606,606,606,606,606,2021-06-10,1968.37,30
607,607,607,607,607,2022-04-05,6182.55,13
608,608,608,608,608,2021-02-14,4702.62,28
609,609,609,609,609,2023-06-11,3613.63,1
610,610,610,610,610,2022-04-12,584.74,6
611,611,611,611,611,2022-01-23,9669.48,6
612,612,612,612,612,2024-02-18,5535.33,9
613,613,613,613,613,2024-09-18,5953.29,17
614,614,614,614,614,2024-04-09,758.45,26
615,615,615,615,615,2022-03-13,6714.8,20
616,616,616,616,616,2020-12-14,2670.45,12
617,617,617,617,617,2022-08-07,9556.84,19
618,618,618,618,618,2023-05-30,5927.67,28
619,619,619,619,619,2021-02-14,8763.51,17
620,620,620,620,620,2024-03-09,3559.44,24
621,621,621,621,621,2022-12-29,853.44,30
622,622,622,622,622,2022-03-04,5154.08,6
623,623,623,623,623,2021-06-30,6242.89,22
624,624,624,624,624,2020-11-24,6278.91,19
625,625,625,625,625,2023-03-08,7908.27,18
626,626,626,626,626,2023-11-18,7601.18,5
627,627,627,627,627,2023-10-16,3886.95,19
628,628,628,628,628,2022-03-12,6576.05,22
629,629,629,629,629,2024-01-22,1317.43,28
630,630,630,630,630,2024-01-14,1558.64,9
631,631,631,631,631,2024-03-13,3875.42,25
632,632,632,632,632,2023-09-25,2793.56,6
633,633,633,633,633,2022-10-29,4132.2,22
634,634,634,634,634,2021-04-23,1646.26,2
635,635,635,635,635,2022-07-25,7309.48,17
636,636,636,636,636,2021-05-28,8311.95,26
637,637,637,637,637,2023-09-18,4116.4,6
638,638,638,638,638,2021-03-15,5275.97,28
639,639,639,639,639,2024-06-25,259.68,10
640,640,640,640,640,2021-04-06,3114.07,26
641,641,641,641,641,2022-11-25,6956.81,9
642,642,642,642,642,2024-06-14,3637.81,23
643,643,643,643,643,2024-05-06,636.27,13
644,644,644,644,644,2022-10-08,1591.22,28
645,645,645,645,645,2022-05-20,1941.14,24
646,646,646,646,646,2021-09-03,1646.69,21
647,647,647,647,647,2021-12-12,567.47,14
648,648,648,648,648,2024-10-02,6232.38,11
649,649,649,649,649,2023-06-09,5373.53,11
650,650,650,650,650,2024-08-19,7210.92,26
651,651,651,651,651,2023-06-04,1319.78,10
652,652,652,652,652,2022-03-16,6880.03,3
653,653,653,653,653,2022-10-04,3415.83,3
654,654,654,654,654,2021-05-12,9056.01,11
655,655,655,655,655,2021-11-28,8733.09,27
656,656,656,656,656,2020-12-22,3177.22,7
657,657,657,657,657,2021-01-15,708.37,25
658,658,658,658,658,2023-09-06,7741.56,28
659,659,659,659,659,2023-11-18,6995.75,1
660,660,660,660,660,2021-08-22,6663.4,9
661,661,661,661,661,2023-05-09,8632.86,24
662,662,662,662,662,2023-04-25,8963.53,9
663,663,663,663,663,2022-06-15,6150.29,15
664,664,664,664,664,2023-10-11,9394.83,12
665,665,665,665,665,2021-08-24,4122.52,24
666,666,666,666,666,2023-02-01,6523.86,4
667,667,667,667,667,2021-10-22,8338.54,18
668,668,668,668,668,2022-09-18,4538.55,25
669,669,669,669,669,2022-07-03,9755.71,20
670,670,670,670,670,2021-07-27,711.31,9
671,671,671,671,671,2024-06-27,1906.14,12
672,672,672,672,672,2021-06-21,8412.2,28
673,673,673,673,673,2022-08-27,6008.33,2
674,674,674,674,674,2021-10-06,5904.15,22
675,675,675,675,675,2022-10-09,6152.85,13
676,676,676,676,676,2021-10-03,3573.39,10
677,677,677,677,677,2021-02-09,9301.27,21
678,678,678,678,678,2023-04-16,8049.41,22
679,679,679,679,679,2020-12-10,1284.27,23
680,680,680,680,680,2022-05-17,9144.68,27
681,681,681,681,681,2021-06-24,4121.99,24
682,682,682,682,682,2024-09-29,4927.95,19
683,683,683,683,683,2024-01-13,9184.24,19
684,684,684,684,684,2024-07-07,499.03,25
685,685,685,685,685,2020-11-13,7616.41,2
686,686,686,686,686,2024-08-01,6482.85,10
687,687,687,687,687,2024-04-12,192.31,2
688,688,688,688,688,2021-07-24,6210.17,18
689,689,689,689,689,2023-07-04,5857.55,1
690,690,690,690,690,2021-10-21,8805.28,17
691,691,691,691,691,2021-11-16,5430.77,18
692,692,692,692,692,2021-05-29,4032.51,14
693,693,693,693,693,2023-11-11,3451.93,11
694,694,694,694,694,2023-03-08,5700.29,8
695,695,695,695,695,2021-11-10,6528.66,10
696,696,696,696,696,2022-04-24,5931.3,30
697,697,697,697,697,2022-01-23,8070.45,24
698,698,698,698,698,2021-02-17,6913.07,25
699,699,699,699,699,2023-01-24,8871.96,12
700,700,700,700,700,2022-04-07,696.07,16
701,701,701,701,701,2021-09-14,2090.34,14
702,702,702,702,702,2024-03-23,2837.85,28
703,703,703,703,703,2024-01-29,5686.53,2
704,704,704,704,704,2022-02-06,4246.4,28
705,705,705,705,705,2021-03-04,9760.09,4
706,706,706,706,706,2023-05-12,904.11,19
707,707,707,707,707,2023-06-29,6765.64,6
708,708,708,708,708,2021-10-20,7194.68,29
709,709,709,709,709,2024-05-15,3655.46,17
710,710,710,710,710,2023-02-20,7896.43,30
711,711,711,711,711,2024-01-15,898.43,4
712,712,712,712,712,2021-04-08,8746.87,28
713,713,713,713,713,2023-04-17,3612.06,6
714,714,714,714,714,2024-03-15,2440.9,13
715,715,715,715,715,2024-01-05,7327.14,28
716,716,716,716,716,2023-12-12,946.42,10
717,717,717,717,717,2021-08-20,6747.1,2
718,718,718,718,718,2024-02-03,1391.88,27
719,719,719,719,719,2022-06-28,7157.61,22
720,720,720,720,720,2023-01-02,5938.32,17
721,721,721,721,721,2021-06-28,7895.97,1
722,722,722,722,722,2021-12-25,5575.25,19
723,723,723,723,723,2022-09-23,295.67,9
724,724,724,724,724,2020-10-27,9078.08,3
725,725,725,725,725,2024-01-29,4690.0,4
726,726,726,726,726,2023-04-16,8719.59,19
727,727,727,727,727,2021-09-24,6318.49,8
728,728,728,728,728,2024-07-21,8229.23,18
729,729,729,729,729,2023-08-07,4582.38,22
730,730,730,730,730,2023-07-16,5872.65,13
731,731,731,731,731,2024-05-17,8278.99,7
732,732,732,732,732,2024-06-03,4255.17,12
733,733,733,733,733,2024-09-13,8217.89,17
734,734,734,734,734,2021-01-04,8375.42,21
735,735,735,735,735,2022-06-03,3452.62,1
736,736,736,736,736,2021-09-01,719.67,11
737,737,737,737,737,2024-09-17,1611.82,19
738,738,738,738,738,2020-11-18,5460.4,29
739,739,739,739,739,2022-06-11,8619.81,25
740,740,740,740,740,2024-07-13,1266.76,23
741,741,741,741,741,2021-12-04,5968.33,1
742,742,742,742,742,2020-12-24,7896.9,29
743,743,743,743,743,2021-12-25,1746.27,4
744,744,744,744,744,2021-04-10,7559.52,5
745,745,745,745,745,2022-06-23,4874.64,25
746,746,746,746,746,2022-11-22,8452.33,14
747,747,747,747,747,2022-03-26,352.46,5
748,748,748,748,748,2021-02-28,2416.77,19
749,749,749,749,749,2024-04-05,5993.09,17
750,750,750,750,750,2024-09-15,3004.27,15
751,751,751,751,751,2020-11-27,1098.58,19
752,752,752,752,752,2021-12-12,5565.54,28
753,753,753,753,753,2021-02-14,3375.96,26
754,754,754,754,754,2024-01-10,2410.01,29
755,755,755,755,755,2021-08-08,9142.45,10
756,756,756,756,756,2022-03-19,5166.41,5
757,757,757,757,757,2021-10-25,2342.71,26
758,758,758,758,758,2023-01-10,5604.34,24
759,759,759,759,759,2021-06-29,9243.18,28
760,760,760,760,760,2020-11-20,8756.58,19
761,761,761,761,761,2022-11-22,2054.6,30
762,762,762,762,762,2021-03-09,1727.7,11
763,763,763,763,763,2021-06-18,7691.34,23
764,764,764,764,764,2024-06-13,744.24,10
765,765,765,765,765,2024-06-15,531.07,10
766,766,766,766,766,2023-04-05,4890.56,11
767,767,767,767,767,2023-09-29,7293.35,12
768,768,768,768,768,2021-12-31,3883.11,3
769,769,769,769,769,2022-10-26,6845.53,28
770,770,770,770,770,2023-03-06,786.12,7
771,771,771,771,771,2023-02-27,1824.45,24
772,772,772,772,772,2022-12-16,5492.46,12
773,773,773,773,773,2023-10-13,6619.01,28
774,774,774,774,774,2021-03-19,5523.72,27
775,775,775,775,775,2024-03-18,2871.83,6
776,776,776,776,776,2024-08-04,156.28,11
777,777,777,777,777,2024-04-17,1667.51,29
778,778,778,778,778,2023-07-18,1161.93,2
779,779,779,779,779,2021-09-04,3612.0,6
780,780,780,780,780,2022-02-11,473.84,8
781,781,781,781,781,2020-10-18,6217.77,12
782,782,782,782,782,2024-04-26,866.57,22
783,783,783,783,783,2023-03-02,795.15,16
784,784,784,784,784,2021-02-08,832.91,10
785,785,785,785,785,2021-10-28,3377.58,4
786,786,786,786,786,2022-11-05,1148.79,8
787,787,787,787,787,2022-07-17,4473.43,1
788,788,788,788,788,2022-08-25,9763.93,16
789,789,789,789,789,2023-06-06,5610.25,21
790,790,790,790,790,2021-06-09,8567.22,14
791,791,791,791,791,2023-01-05,5314.15,4
792,792,792,792,792,2023-11-01,349.01,23
793,793,793,793,793,2023-09-23,5394.48,18
794,794,794,794,794,2023-09-17,395.36,16
795,795,795,795,795,2021-10-03,8071.43,28
796,796,796,796,796,2020-11-04,9563.29,2
797,797,797,797,797,2022-01-10,2728.13,15
798,798,798,798,798,2023-04-15,3734.93,9
799,799,799,799,799,2022-12-29,632.95,11
800,800,800,800,800,2022-06-28,4492.76,27
801,801,801,801,801,2021-12-09,687.51,7
802,802,802,802,802,2022-02-19,3003.62,3
803,803,803,803,803,2022-06-06,1036.08,29
804,804,804,804,804,2024-05-09,8130.99,20
805,805,805,805,805,2021-03-28,3955.91,9
806,806,806,806,806,2024-07-09,8416.09,17
807,807,807,807,807,2023-11-10,3796.66,10
808,808,808,808,808,2023-05-28,2138.74,10
809,809,809,809,809,2023-07-21,2770.65,30
810,810,810,810,810,2022-03-28,7282.58,10
811,811,811,811,811,2022-05-21,4065.1,21
812,812,812,812,812,2024-09-08,4706.72,9
813,813,813,813,813,2024-04-21,9025.75,24
814,814,814,814,814,2021-10-17,6447.06,21
815,815,815,815,815,2022-04-23,9088.33,16
816,816,816,816,816,2021-01-13,2154.43,11
817,817,817,817,817,2021-06-21,7806.65,30
818,818,818,818,818,2023-02-13,7497.45,8
819,819,819,819,819,2023-05-18,1446.64,14
820,820,820,820,820,2022-01-26,669.5,28
821,821,821,821,821,2020-10-08,9708.06,18
822,822,822,822,822,2024-03-30,1528.72,10
823,823,823,823,823,2022-06-05,4847.62,27
824,824,824,824,824,2022-08-07,712.25,22
825,825,825,825,825,2021-04-10,2414.12,28
826,826,826,826,826,2024-10-05,9166.61,19
827,827,827,827,827,2021-04-28,4147.91,28
828,828,828,828,828,2023-10-22,5664.78,19
829,829,829,829,829,2023-04-22,4018.34,25
830,830,830,830,830,2023-06-20,2433.26,24
831,831,831,831,831,2021-09-29,838.26,18
832,832,832,832,832,2022-02-23,849.96,9
833,833,833,833,833,2023-07-25,946.75,21
834,834,834,834,834,2021-07-19,5017.52,4
835,835,835,835,835,2023-05-15,181.35,8
836,836,836,836,836,2021-04-21,7474.21,21
837,837,837,837,837,2021-09-01,1259.32,5
838,838,838,838,838,2021-05-04,4747.66,20
839,839,839,839,839,2021-01-22,2607.23,13
840,840,840,840,840,2021-05-11,8993.47,19
841,841,841,841,841,2024-08-27,6024.27,27
842,842,842,842,842,2021-05-29,7576.94,26
843,843,843,843,843,2021-02-17,1832.22,23
844,844,844,844,844,2021-09-24,3265.42,15
845,845,845,845,845,2024-04-03,9463.65,29
846,846,846,846,846,2023-03-10,2681.22,4
847,847,847,847,847,2023-10-28,1326.51,4
848,848,848,848,848,2022-04-17,4753.96,21
849,849,849,849,849,2023-09-25,7563.55,4
850,850,850,850,850,2023-10-23,2239.78,14
851,851,851,851,851,2022-11-01,6965.57,30
852,852,852,852,852,2022-12-08,4927.62,17
853,853,853,853,853,2022-02-12,1899.07,30
854,854,854,854,854,2023-05-17,730.77,13
855,855,855,855,855,2023-09-03,1798.97,7
856,856,856,856,856,2022-05-14,4313.99,6
857,857,857,857,857,2023-11-04,1487.97,22
858,858,858,858,858,2022-04-24,9829.94,22
859,859,859,859,859,2024-06-03,1838.28,12
860,860,860,860,860,2020-10-11,2027.12,18
861,861,861,861,861,2020-10-10,7873.91,22
862,862,862,862,862,2023-06-28,1726.96,23
863,863,863,863,863,2024-08-27,6425.17,24
864,864,864,864,864,2021-08-30,5655.24,9
865,865,865,865,865,2021-07-29,6639.35,23
866,866,866,866,866,2023-02-05,578.09,10
867,867,867,867,867,2022-02-16,1025.49,2
868,868,868,868,868,2024-01-18,3046.39,25
869,869,869,869,869,2023-04-10,1530.48,21
870,870,870,870,870,2022-06-22,4087.04,6
871,871,871,871,871,2021-06-11,7990.53,30
872,872,872,872,872,2023-11-14,1220.7,26
873,873,873,873,873,2022-07-31,4943.55,22
874,874,874,874,874,2020-11-29,5604.55,29
875,875,875,875,875,2022-09-05,668.94,3
876,876,876,876,876,2023-10-01,7791.38,1
877,877,877,877,877,2020-11-20,7542.54,20
878,878,878,878,878,2022-06-18,743.99,17
879,879,879,879,879,2024-01-08,4608.66,2
880,880,880,880,880,2022-01-06,2071.66,21
881,881,881,881,881,2024-09-04,3222.4,13
882,882,882,882,882,2023-08-28,1515.82,24
883,883,883,883,883,2023-06-04,5021.13,28
884,884,884,884,884,2021-05-15,5822.93,25
885,885,885,885,885,2024-04-14,9639.77,29
886,886,886,886,886,2024-06-01,5131.76,15
887,887,887,887,887,2021-01-30,6736.06,13
888,888,888,888,888,2022-11-24,466.49,13
889,889,889,889,889,2023-02-03,2481.05,8
890,890,890,890,890,2022-06-17,6190.65,25
891,891,891,891,891,2021-05-26,733.03,19
892,892,892,892,892,2023-06-04,3178.74,30
893,893,893,893,893,2024-04-16,2026.38,13
894,894,894,894,894,2022-09-01,7174.19,2
895,895,895,895,895,2024-05-04,5583.95,12
896,896,896,896,896,2023-10-12,9746.23,12
897,897,897,897,897,2022-12-31,5366.06,23
898,898,898,898,898,2021-06-22,3353.17,8
899,899,899,899,899,2023-10-11,8590.69,13
900,900,900,900,900,2020-10-23,8163.25,9
901,901,901,901,901,2023-04-13,5043.27,23
902,902,902,902,902,2024-04-20,7135.0,13
903,903,903,903,903,2022-02-22,8457.59,23
904,904,904,904,904,2023-11-28,8587.78,30
905,905,905,905,905,2021-08-27,9986.91,1
906,906,906,906,906,2021-04-16,7804.9,2
907,907,907,907,907,2021-01-29,6964.72,22
908,908,908,908,908,2022-03-24,9269.9,16
909,909,909,909,909,2021-11-18,8986.02,22
910,910,910,910,910,2022-11-19,7600.59,6
911,911,911,911,911,2020-10-29,2334.56,9
912,912,912,912,912,2023-11-16,9119.4,5
913,913,913,913,913,2023-03-22,6518.25,30
914,914,914,914,914,2021-01-28,6266.4,9
915,915,915,915,915,2023-06-24,863.87,25
916,916,916,916,916,2023-06-01,6490.33,22
917,917,917,917,917,2022-09-01,4425.03,17
918,918,918,918,918,2023-01-01,6733.97,8
919,919,919,919,919,2024-02-20,601.53,10
920,920,920,920,920,2023-08-23,7180.79,10
921,921,921,921,921,2021-11-15,3450.13,29
922,922,922,922,922,2021-03-26,5683.99,7
923,923,923,923,923,2022-06-13,3314.81,26
924,924,924,924,924,2020-10-14,527.8,25
925,925,925,925,925,2021-06-21,7660.51,30
926,926,926,926,926,2022-08-15,6278.25,17
927,927,927,927,927,2020-10-27,7659.76,11
928,928,928,928,928,2022-12-24,9289.2,10
929,929,929,929,929,2020-12-07,4215.43,12
930,930,930,930,930,2023-03-17,6261.96,20
931,931,931,931,931,2023-09-09,5706.98,26
932,932,932,932,932,2024-02-05,1545.57,10
933,933,933,933,933,2021-08-14,8653.19,27
934,934,934,934,934,2023-12-11,339.72,8
935,935,935,935,935,2024-07-11,198.12,4
936,936,936,936,936,2023-08-16,3845.85,19
937,937,937,937,937,2024-01-26,2691.6,25
938,938,938,938,938,2023-02-12,305.47,22
939,939,939,939,939,2021-03-17,7800.7,28
940,940,940,940,940,2022-04-17,9635.77,18
941,941,941,941,941,2021-08-15,327.75,18
942,942,942,942,942,2023-10-29,7222.59,14
943,943,943,943,943,2023-07-08,1473.84,11
944,944,944,944,944,2023-04-07,1195.22,29
945,945,945,945,945,2023-06-28,797.91,8
946,946,946,946,946,2021-03-04,3395.65,16
947,947,947,947,947,2023-03-09,146.54,12
948,948,948,948,948,2021-04-27,5117.45,12
949,949,949,949,949,2022-09-02,865.72,26
950,950,950,950,950,2022-02-13,5288.91,24
951,951,951,951,951,2023-09-13,7242.95,15
952,952,952,952,952,2023-05-05,8851.95,17
953,953,953,953,953,2021-11-04,3508.73,2
954,954,954,954,954,2024-05-05,7327.86,24
955,955,955,955,955,2021-07-23,7106.8,17
956,956,956,956,956,2021-04-16,5036.25,10
957,957,957,957,957,2021-02-11,7033.09,23
958,958,958,958,958,2021-07-27,3237.17,4
959,959,959,959,959,2021-04-15,7279.81,11
960,960,960,960,960,2022-10-20,8317.58,16
961,961,961,961,961,2024-06-30,349.65,14
962,962,962,962,962,2024-07-21,2957.66,26
963,963,963,963,963,2024-09-28,3940.89,27
964,964,964,964,964,2024-06-14,250.17,11
965,965,965,965,965,2022-08-15,2536.8,30
966,966,966,966,966,2023-07-04,275.32,24
967,967,967,967,967,2022-08-20,3971.24,1
968,968,968,968,968,2022-07-30,7697.85,16
969,969,969,969,969,2021-01-04,3946.13,12
970,970,970,970,970,2024-01-24,6200.16,23
971,971,971,971,971,2021-09-19,3849.62,18
972,972,972,972,972,2021-02-15,1250.06,16
973,973,973,973,973,2024-04-05,3825.23,7
974,974,974,974,974,2023-03-12,691.37,1
975,975,975,975,975,2022-03-17,7144.37,11
976,976,976,976,976,2024-06-14,1214.51,30
977,977,977,977,977,2024-06-23,1891.99,28
978,978,978,978,978,2021-03-03,3633.68,15
979,979,979,979,979,2023-10-07,1659.14,19
980,980,980,980,980,2024-03-31,4682.63,26
981,981,981,981,981,2024-01-15,5972.89,21
982,982,982,982,982,2020-11-25,8931.92,19
983,983,983,983,983,2023-04-18,2985.06,14
984,984,984,984,984,2024-09-03,8261.07,9
985,985,985,985,985,2023-09-21,711.16,4
986,986,986,986,986,2022-07-05,1065.37,24
987,987,987,987,987,2023-06-05,6535.07,6
988,988,988,988,988,2022-01-15,8419.23,27
989,989,989,989,989,2024-04-19,9184.29,4
990,990,990,990,990,2021-06-12,4339.28,29
991,991,991,991,991,2022-11-30,1446.14,12
992,992,992,992,992,2020-11-09,4226.24,3
993,993,993,993,993,2021-07-06,7877.06,8
994,994,994,994,994,2022-02-14,6337.08,5
995,995,995,995,995,2021-12-29,1478.92,5
996,996,996,996,996,2022-12-28,3749.13,30
997,997,997,997,997,2023-05-18,6111.23,11
998,998,998,998,998,2024-05-11,537.52,1
999,999,999,999,999,2021-12-29,5494.43,14
1000,1000,1000,1000,1000,2022-06-17,6597.41,27
